qid,category,lang,model,precision,cosine@1_bm25,mean@5_bm25,drop_1to2_bm25,cosine@1_bm25fusion,mean@5_bm25fusion,drop_1to2_bm25fusion,rerank_time_s
q01,entity,fr,multilingual-e5-large,fp32-cuda,0.8735,0.8647,0.0034,0.8179,0.7847,0.0322,0.2417
q02,entity,fr,multilingual-e5-large,fp32-cuda,0.8999,0.8813,0.0181,0.8999,0.8794,0.0181,0.0949
q03,entity,fr,multilingual-e5-large,fp32-cuda,0.8423,0.8218,0.0142,0.8418,0.8306,0.0005,0.1661
q04,entity,fr,multilingual-e5-large,fp32-cuda,0.9302,0.8784,0.0498,0.8804,0.8169,0.0649,0.1113
q05,entity,fr,multilingual-e5-large,fp32-cuda,0.8672,0.8501,0.0029,0.8257,0.8198,0.0034,0.0808
q06,entity,fr,multilingual-e5-large,fp32-cuda,0.9087,0.8682,0.0415,0.8384,0.8242,0.0049,0.0856
q07,entity,fr,multilingual-e5-large,fp32-cuda,0.9204,0.8926,0.021,0.9204,0.8926,0.021,0.08
q08,entity,fr,multilingual-e5-large,fp32-cuda,0.873,0.8691,0.0,0.873,0.8691,0.0,0.0779
q09,entity,fr,multilingual-e5-large,fp32-cuda,0.8555,0.8506,0.002,0.8535,0.8408,0.0103,0.0779
q10,entity,fr,multilingual-e5-large,fp32-cuda,0.8745,0.854,0.0122,0.8389,0.8057,0.0317,0.0792
q11,entity,en,multilingual-e5-large,fp32-cuda,0.9092,0.8755,0.0244,0.9092,0.8755,0.0244,0.0856
q12,entity,en,multilingual-e5-large,fp32-cuda,0.8784,0.8682,0.0078,0.8784,0.8643,0.0083,0.0793
q13,entity,en,multilingual-e5-large,fp32-cuda,0.8652,0.853,0.0054,0.8652,0.853,0.0054,0.0786
q14,entity,en,multilingual-e5-large,fp32-cuda,0.8823,0.8535,0.019,0.8823,0.8599,0.0103,0.0777
q15,entity,en,multilingual-e5-large,fp32-cuda,0.8745,0.855,0.02,0.8745,0.855,0.019,0.0793
q16,entity,en,multilingual-e5-large,fp32-cuda,0.8887,0.8667,0.0098,0.8887,0.8667,0.0098,0.0891
q17,entity,en,multilingual-e5-large,fp32-cuda,0.8828,0.8687,0.0034,0.8828,0.8687,0.0034,0.0801
q18,entity,en,multilingual-e5-large,fp32-cuda,0.8901,0.8618,0.022,0.8901,0.8618,0.022,0.0775
q19,entity,en,multilingual-e5-large,fp32-cuda,0.8672,0.855,0.002,0.8672,0.8467,0.0146,0.0832
q20,entity,en,multilingual-e5-large,fp32-cuda,0.8374,0.8262,0.0054,0.8374,0.8257,0.0054,0.0876
q21,event,fr,multilingual-e5-large,fp32-cuda,0.8721,0.8516,0.0156,0.8721,0.8545,0.0078,0.0782
q22,event,fr,multilingual-e5-large,fp32-cuda,0.8599,0.8433,0.0063,0.8794,0.8677,0.0049,0.0766
q23,event,fr,multilingual-e5-large,fp32-cuda,0.9116,0.8823,0.0259,0.9116,0.8799,0.0259,0.0786
q24,event,fr,multilingual-e5-large,fp32-cuda,0.8369,0.8315,0.0049,0.8315,0.8291,0.0015,0.0832
q25,event,fr,multilingual-e5-large,fp32-cuda,0.8589,0.8442,0.0015,0.8579,0.8438,0.0005,0.0854
q26,event,fr,multilingual-e5-large,fp32-cuda,0.8257,0.8101,0.0059,0.8618,0.8413,0.0112,0.0888
q27,event,fr,multilingual-e5-large,fp32-cuda,0.8628,0.8501,0.001,0.8745,0.8579,0.0117,0.0866
q28,event,fr,multilingual-e5-large,fp32-cuda,0.8579,0.8198,0.0352,0.8579,0.8315,0.002,0.0853
q29,event,fr,multilingual-e5-large,fp32-cuda,0.8779,0.8579,0.0186,0.8779,0.8579,0.02,0.0841
q30,event,fr,multilingual-e5-large,fp32-cuda,0.894,0.8745,0.0146,0.894,0.8745,0.0146,0.0794
q31,event,en,multilingual-e5-large,fp32-cuda,0.8545,0.8359,0.021,0.8472,0.8335,0.0137,0.0792
q32,event,en,multilingual-e5-large,fp32-cuda,0.9028,0.8672,0.0356,0.8613,0.8452,0.0078,0.0768
q33,event,en,multilingual-e5-large,fp32-cuda,0.8638,0.8408,0.0059,0.8179,0.8096,0.0,0.0828
q34,event,en,multilingual-e5-large,fp32-cuda,0.8359,0.8193,0.0049,0.8594,0.8433,0.002,0.0769
q35,event,en,multilingual-e5-large,fp32-cuda,0.9028,0.8765,0.0176,0.855,0.8315,0.021,0.0776
q36,event,en,multilingual-e5-large,fp32-cuda,0.8643,0.8325,0.0171,0.8301,0.8179,0.0044,0.0768
q37,event,en,multilingual-e5-large,fp32-cuda,0.8911,0.8667,0.0122,0.8315,0.8252,0.0005,0.079
q38,event,en,multilingual-e5-large,fp32-cuda,0.874,0.8535,0.0171,0.8369,0.8306,0.0,0.0778
q39,event,en,multilingual-e5-large,fp32-cuda,0.8779,0.8618,0.0073,0.833,0.8169,0.0112,0.0826
q40,event,en,multilingual-e5-large,fp32-cuda,0.8652,0.8525,0.0049,0.8472,0.8335,0.0059,0.0874
q41,unanswerable,fr,multilingual-e5-large,fp32-cuda,0.8594,0.8521,0.0068,0.8525,0.8467,0.0034,0.0812
q42,unanswerable,fr,multilingual-e5-large,fp32-cuda,0.8433,0.8159,0.0322,0.8433,0.8267,0.0083,0.0781
q43,unanswerable,fr,multilingual-e5-large,fp32-cuda,0.8442,0.8423,0.0005,0.8442,0.8423,0.0005,0.0776
q44,unanswerable,fr,multilingual-e5-large,fp32-cuda,0.8545,0.8428,0.0078,0.8545,0.8433,0.0078,0.086
q45,unanswerable,fr,multilingual-e5-large,fp32-cuda,0.8345,0.8198,0.0,0.8486,0.8267,0.0142,0.0791
q46,unanswerable,en,multilingual-e5-large,fp32-cuda,0.8379,0.8237,0.0015,0.8379,0.8228,0.0015,0.0782
q47,unanswerable,en,multilingual-e5-large,fp32-cuda,0.8516,0.8306,0.0225,0.8516,0.8291,0.0234,0.0776
q48,unanswerable,en,multilingual-e5-large,fp32-cuda,0.8271,0.7979,0.02,0.8271,0.7969,0.02,0.0794
q49,unanswerable,en,multilingual-e5-large,fp32-cuda,0.8369,0.8179,0.0088,0.8369,0.8198,0.0088,0.0791
q50,unanswerable,en,multilingual-e5-large,fp32-cuda,0.7949,0.7817,0.0122,0.7925,0.7812,0.0098,0.0775
q01,entity,fr,e5-mistral-7b-instruct,4bit-cuda,0.6934,0.6265,0.001,0.6465,0.5591,0.0352,1.6811
q02,entity,fr,e5-mistral-7b-instruct,4bit-cuda,0.6509,0.6196,0.0107,0.7671,0.6841,0.0454,1.2757
q03,entity,fr,e5-mistral-7b-instruct,4bit-cuda,0.6069,0.4844,0.0469,0.6924,0.5947,0.0669,2.0207
q04,entity,fr,e5-mistral-7b-instruct,4bit-cuda,0.7437,0.6738,0.0327,0.6255,0.5269,0.0898,1.8428
q05,entity,fr,e5-mistral-7b-instruct,4bit-cuda,0.6704,0.6353,0.0059,0.6064,0.5615,0.0176,1.5971
q06,entity,fr,e5-mistral-7b-instruct,4bit-cuda,0.688,0.6108,0.0088,0.6797,0.5493,0.0811,1.6963
q07,entity,fr,e5-mistral-7b-instruct,4bit-cuda,0.687,0.6279,0.0171,0.687,0.6265,0.0171,1.6472
q08,entity,fr,e5-mistral-7b-instruct,4bit-cuda,0.7607,0.7041,0.0361,0.7607,0.7041,0.0361,1.6866
q09,entity,fr,e5-mistral-7b-instruct,4bit-cuda,0.5693,0.5264,0.0371,0.6421,0.5825,0.0396,1.5225
q10,entity,fr,e5-mistral-7b-instruct,4bit-cuda,0.7363,0.6777,0.0264,0.6992,0.6147,0.0454,1.8308
q11,entity,en,e5-mistral-7b-instruct,4bit-cuda,0.7231,0.5981,0.0845,0.7227,0.6025,0.061,1.3496
q12,entity,en,e5-mistral-7b-instruct,4bit-cuda,0.6299,0.5234,0.0044,0.6299,0.5264,0.0044,1.2876
q13,entity,en,e5-mistral-7b-instruct,4bit-cuda,0.7397,0.5986,0.0957,0.7397,0.5757,0.1826,1.4923
q14,entity,en,e5-mistral-7b-instruct,4bit-cuda,0.6758,0.5771,0.0537,0.6758,0.5586,0.0537,1.4946
q15,entity,en,e5-mistral-7b-instruct,4bit-cuda,0.7271,0.5562,0.1865,0.707,0.5283,0.1665,1.4202
q16,entity,en,e5-mistral-7b-instruct,4bit-cuda,0.8003,0.7046,0.064,0.8003,0.6631,0.064,2.3022
q17,entity,en,e5-mistral-7b-instruct,4bit-cuda,0.5234,0.481,0.0073,0.5166,0.458,0.0303,1.6023
q18,entity,en,e5-mistral-7b-instruct,4bit-cuda,0.585,0.491,0.0068,0.585,0.5005,0.0068,1.3934
q19,entity,en,e5-mistral-7b-instruct,4bit-cuda,0.6597,0.564,0.02,0.6597,0.5435,0.0698,1.8223
q20,entity,en,e5-mistral-7b-instruct,4bit-cuda,0.646,0.5903,0.0063,0.646,0.5596,0.0063,2.157
q21,event,fr,e5-mistral-7b-instruct,4bit-cuda,0.6416,0.5742,0.0444,0.5703,0.5493,0.0,1.8363
q22,event,fr,e5-mistral-7b-instruct,4bit-cuda,0.6157,0.5703,0.0161,0.6763,0.6162,0.0142,1.5238
q23,event,fr,e5-mistral-7b-instruct,4bit-cuda,0.6523,0.6157,0.0264,0.7217,0.6392,0.0693,1.4231
q24,event,fr,e5-mistral-7b-instruct,4bit-cuda,0.707,0.5908,0.0483,0.6963,0.6104,0.0381,1.985
q25,event,fr,e5-mistral-7b-instruct,4bit-cuda,0.6938,0.6411,0.0112,0.6948,0.6201,0.0127,2.1363
q26,event,fr,e5-mistral-7b-instruct,4bit-cuda,0.6792,0.5933,0.0308,0.6792,0.6211,0.0308,2.1534
q27,event,fr,e5-mistral-7b-instruct,4bit-cuda,0.6743,0.5938,0.0508,0.6235,0.5552,0.0,1.7048
q28,event,fr,e5-mistral-7b-instruct,4bit-cuda,0.6143,0.5225,0.0703,0.7012,0.5894,0.0293,1.9652
q29,event,fr,e5-mistral-7b-instruct,4bit-cuda,0.7163,0.5845,0.145,0.7163,0.6094,0.0205,2.1358
q30,event,fr,e5-mistral-7b-instruct,4bit-cuda,0.7119,0.6313,0.0034,0.7285,0.6353,0.0166,1.6434
q31,event,en,e5-mistral-7b-instruct,4bit-cuda,0.7422,0.5806,0.0303,0.7422,0.6191,0.0034,1.2658
q32,event,en,e5-mistral-7b-instruct,4bit-cuda,0.5981,0.5137,0.0303,0.2397,0.1746,0.0747,1.1444
q33,event,en,e5-mistral-7b-instruct,4bit-cuda,0.6636,0.5869,0.0771,0.4463,0.2854,0.0381,1.6889
q34,event,en,e5-mistral-7b-instruct,4bit-cuda,0.707,0.5581,0.0835,0.4121,0.302,0.0474,1.4781
q35,event,en,e5-mistral-7b-instruct,4bit-cuda,0.7065,0.6216,0.0059,0.3682,0.2202,0.0034,1.3972
q36,event,en,e5-mistral-7b-instruct,4bit-cuda,0.7163,0.6079,0.0659,0.4775,0.2993,0.0879,1.2972
q37,event,en,e5-mistral-7b-instruct,4bit-cuda,0.708,0.5703,0.1475,0.3906,0.3167,0.0068,1.65
q38,event,en,e5-mistral-7b-instruct,4bit-cuda,0.8169,0.6528,0.1455,0.3911,0.2808,0.022,1.586
q39,event,en,e5-mistral-7b-instruct,4bit-cuda,0.7603,0.5513,0.2402,0.5171,0.2654,0.1069,1.6561
q40,event,en,e5-mistral-7b-instruct,4bit-cuda,0.5996,0.5718,0.0181,0.2349,0.196,0.0229,1.9446
q41,unanswerable,fr,e5-mistral-7b-instruct,4bit-cuda,0.6997,0.6758,0.0015,0.6982,0.6689,0.002,1.9251
q42,unanswerable,fr,e5-mistral-7b-instruct,4bit-cuda,0.6196,0.4587,0.1548,0.6196,0.4832,0.1323,1.3974
q43,unanswerable,fr,e5-mistral-7b-instruct,4bit-cuda,0.6709,0.5732,0.0151,0.6709,0.5532,0.0386,1.471
q44,unanswerable,fr,e5-mistral-7b-instruct,4bit-cuda,0.687,0.6484,0.0029,0.687,0.6138,0.021,2.1657
q45,unanswerable,fr,e5-mistral-7b-instruct,4bit-cuda,0.7329,0.6401,0.0596,0.7329,0.5737,0.0884,1.9118
q46,unanswerable,en,e5-mistral-7b-instruct,4bit-cuda,0.7271,0.4932,0.2427,0.7271,0.5645,0.0835,1.5268
q47,unanswerable,en,e5-mistral-7b-instruct,4bit-cuda,0.7339,0.491,0.2676,0.7339,0.5864,0.0352,1.6374
q48,unanswerable,en,e5-mistral-7b-instruct,4bit-cuda,0.7183,0.6279,0.0459,0.7183,0.5659,0.0869,1.4319
q49,unanswerable,en,e5-mistral-7b-instruct,4bit-cuda,0.6401,0.561,0.0137,0.7007,0.605,0.0605,1.6204
q50,unanswerable,en,e5-mistral-7b-instruct,4bit-cuda,0.5381,0.4773,0.0269,0.6641,0.5107,0.126,1.3583
q01,entity,fr,SFR-Embedding-Mistral,4bit-cuda,0.7983,0.7241,0.0728,0.6011,0.5693,0.0059,1.7156
q02,entity,fr,SFR-Embedding-Mistral,4bit-cuda,0.7812,0.7153,0.0542,0.7812,0.7129,0.0542,1.3162
q03,entity,fr,SFR-Embedding-Mistral,4bit-cuda,0.6924,0.6289,0.0581,0.6924,0.6406,0.0566,2.09
q04,entity,fr,SFR-Embedding-Mistral,4bit-cuda,0.769,0.7427,0.001,0.7637,0.6328,0.1392,1.8933
q05,entity,fr,SFR-Embedding-Mistral,4bit-cuda,0.7266,0.6729,0.021,0.5967,0.5767,0.0073,1.6424
q06,entity,fr,SFR-Embedding-Mistral,4bit-cuda,0.7925,0.6792,0.1152,0.6426,0.5796,0.0347,1.7365
q07,entity,fr,SFR-Embedding-Mistral,4bit-cuda,0.8462,0.7388,0.1167,0.8462,0.7388,0.1167,1.695
q08,entity,fr,SFR-Embedding-Mistral,4bit-cuda,0.769,0.708,0.0342,0.769,0.708,0.0342,1.9518
q09,entity,fr,SFR-Embedding-Mistral,4bit-cuda,0.6636,0.6406,0.0151,0.6284,0.5889,0.0356,1.5777
q10,entity,fr,SFR-Embedding-Mistral,4bit-cuda,0.6694,0.6611,0.0034,0.5923,0.5479,0.0112,1.8747
q11,entity,en,SFR-Embedding-Mistral,4bit-cuda,0.8193,0.7471,0.0562,0.8193,0.7471,0.0566,1.3986
q12,entity,en,SFR-Embedding-Mistral,4bit-cuda,0.7432,0.7119,0.0195,0.7432,0.7007,0.0391,1.334
q13,entity,en,SFR-Embedding-Mistral,4bit-cuda,0.7285,0.6855,0.0098,0.7285,0.6855,0.0098,1.5155
q14,entity,en,SFR-Embedding-Mistral,4bit-cuda,0.7329,0.6777,0.0273,0.7329,0.6934,0.022,1.538
q15,entity,en,SFR-Embedding-Mistral,4bit-cuda,0.6753,0.6445,0.0156,0.6748,0.6396,0.0405,1.496
q16,entity,en,SFR-Embedding-Mistral,4bit-cuda,0.7275,0.6807,0.0483,0.7275,0.6807,0.0483,2.3477
q17,entity,en,SFR-Embedding-Mistral,4bit-cuda,0.7305,0.6836,0.0498,0.7305,0.6836,0.0503,1.5977
q18,entity,en,SFR-Embedding-Mistral,4bit-cuda,0.7573,0.7002,0.0269,0.7573,0.7002,0.0269,1.422
q19,entity,en,SFR-Embedding-Mistral,4bit-cuda,0.7104,0.6304,0.0742,0.605,0.5991,0.002,1.7882
q20,entity,en,SFR-Embedding-Mistral,4bit-cuda,0.6382,0.5947,0.0332,0.6382,0.5898,0.0332,2.1405
q21,event,fr,SFR-Embedding-Mistral,4bit-cuda,0.6948,0.6689,0.0029,0.6934,0.6763,0.0015,1.8348
q22,event,fr,SFR-Embedding-Mistral,4bit-cuda,0.6504,0.625,0.0078,0.731,0.709,0.0078,1.5107
q23,event,fr,SFR-Embedding-Mistral,4bit-cuda,0.7695,0.7046,0.0547,0.7695,0.7134,0.0547,1.3816
q24,event,fr,SFR-Embedding-Mistral,4bit-cuda,0.6665,0.6436,0.0005,0.666,0.6401,0.022,1.9452
q25,event,fr,SFR-Embedding-Mistral,4bit-cuda,0.79,0.6875,0.0498,0.79,0.7124,0.0498,2.0867
q26,event,fr,SFR-Embedding-Mistral,4bit-cuda,0.6392,0.5923,0.0498,0.6914,0.6509,0.0293,1.9864
q27,event,fr,SFR-Embedding-Mistral,4bit-cuda,0.7383,0.6836,0.0117,0.7383,0.6982,0.0117,1.6842
q28,event,fr,SFR-Embedding-Mistral,4bit-cuda,0.7031,0.6147,0.0874,0.7031,0.6562,0.0142,1.9109
q29,event,fr,SFR-Embedding-Mistral,4bit-cuda,0.7847,0.7153,0.0791,0.7847,0.7144,0.0786,2.0976
q30,event,fr,SFR-Embedding-Mistral,4bit-cuda,0.7207,0.6938,0.021,0.7207,0.6938,0.021,1.6513
q31,event,en,SFR-Embedding-Mistral,4bit-cuda,0.7344,0.7002,0.0103,0.748,0.7124,0.0239,1.2675
q32,event,en,SFR-Embedding-Mistral,4bit-cuda,0.7729,0.7139,0.019,0.7026,0.666,0.0283,1.2178
q33,event,en,SFR-Embedding-Mistral,4bit-cuda,0.7129,0.6763,0.0088,0.647,0.6216,0.022,1.6751
q34,event,en,SFR-Embedding-Mistral,4bit-cuda,0.6396,0.6064,0.0215,0.7109,0.6582,0.0088,1.4715
q35,event,en,SFR-Embedding-Mistral,4bit-cuda,0.769,0.6953,0.0664,0.6484,0.6294,0.0068,1.4086
q36,event,en,SFR-Embedding-Mistral,4bit-cuda,0.6841,0.6079,0.0542,0.6641,0.5942,0.0635,1.3093
q37,event,en,SFR-Embedding-Mistral,4bit-cuda,0.7144,0.6895,0.021,0.6562,0.6157,0.0093,1.6505
q38,event,en,SFR-Embedding-Mistral,4bit-cuda,0.7407,0.6807,0.0469,0.6729,0.6372,0.0234,1.5767
q39,event,en,SFR-Embedding-Mistral,4bit-cuda,0.7407,0.709,0.0259,0.708,0.6343,0.0801,1.6611
q40,event,en,SFR-Embedding-Mistral,4bit-cuda,0.7324,0.6895,0.0254,0.6807,0.623,0.0366,1.955
q41,unanswerable,fr,SFR-Embedding-Mistral,4bit-cuda,0.6802,0.6611,0.0132,0.667,0.6494,0.0127,1.9876
q42,unanswerable,fr,SFR-Embedding-Mistral,4bit-cuda,0.646,0.6064,0.0303,0.647,0.623,0.001,1.448
q43,unanswerable,fr,SFR-Embedding-Mistral,4bit-cuda,0.6768,0.666,0.0,0.6772,0.666,0.0005,1.4949
q44,unanswerable,fr,SFR-Embedding-Mistral,4bit-cuda,0.7163,0.6919,0.021,0.7163,0.6919,0.021,2.1872
q45,unanswerable,fr,SFR-Embedding-Mistral,4bit-cuda,0.7002,0.6553,0.0283,0.7002,0.6538,0.0352,1.9447
q46,unanswerable,en,SFR-Embedding-Mistral,4bit-cuda,0.6587,0.6294,0.0176,0.6587,0.6299,0.0176,1.5601
q47,unanswerable,en,SFR-Embedding-Mistral,4bit-cuda,0.6929,0.6753,0.0083,0.6934,0.6836,0.0005,1.873
q48,unanswerable,en,SFR-Embedding-Mistral,4bit-cuda,0.623,0.5918,0.021,0.6245,0.6035,0.0015,1.4626
q49,unanswerable,en,SFR-Embedding-Mistral,4bit-cuda,0.6846,0.646,0.0303,0.6846,0.6484,0.0303,1.7461
q50,unanswerable,en,SFR-Embedding-Mistral,4bit-cuda,0.5933,0.5747,0.0049,0.5933,0.5693,0.0205,1.3765
q01,entity,fr,Linq-Embed-Mistral,4bit-cuda,0.6753,0.624,0.0327,0.46,0.4436,0.0078,1.7426
q02,entity,fr,Linq-Embed-Mistral,4bit-cuda,0.6621,0.6284,0.0088,0.6621,0.625,0.0088,1.3388
q03,entity,fr,Linq-Embed-Mistral,4bit-cuda,0.6016,0.5566,0.0347,0.6011,0.564,0.0225,2.1193
q04,entity,fr,Linq-Embed-Mistral,4bit-cuda,0.6704,0.6392,0.0098,0.6709,0.5317,0.1055,1.9278
q05,entity,fr,Linq-Embed-Mistral,4bit-cuda,0.6567,0.5859,0.0356,0.4736,0.4561,0.0156,1.6661
q06,entity,fr,Linq-Embed-Mistral,4bit-cuda,0.6562,0.5581,0.0874,0.5415,0.4714,0.0356,1.7509
q07,entity,fr,Linq-Embed-Mistral,4bit-cuda,0.7681,0.6636,0.1094,0.7681,0.6636,0.1094,1.7381
q08,entity,fr,Linq-Embed-Mistral,4bit-cuda,0.6826,0.6299,0.0581,0.6826,0.6299,0.0581,1.9961
q09,entity,fr,Linq-Embed-Mistral,4bit-cuda,0.5923,0.5757,0.0142,0.5786,0.5312,0.0405,1.5978
q10,entity,fr,Linq-Embed-Mistral,4bit-cuda,0.5996,0.5786,0.0181,0.5103,0.468,0.0298,1.9141
q11,entity,en,Linq-Embed-Mistral,4bit-cuda,0.7339,0.6172,0.127,0.7339,0.6172,0.127,1.4244
q12,entity,en,Linq-Embed-Mistral,4bit-cuda,0.5781,0.5532,0.0,0.5781,0.542,0.0269,1.3676
q13,entity,en,Linq-Embed-Mistral,4bit-cuda,0.5718,0.5234,0.0112,0.5718,0.5259,0.0112,1.5216
q14,entity,en,Linq-Embed-Mistral,4bit-cuda,0.5898,0.5161,0.0576,0.5898,0.5317,0.0244,1.5759
q15,entity,en,Linq-Embed-Mistral,4bit-cuda,0.5249,0.498,0.0049,0.5249,0.5024,0.0083,1.5108
q16,entity,en,Linq-Embed-Mistral,4bit-cuda,0.6011,0.5718,0.0215,0.6011,0.5718,0.0215,2.3907
q17,entity,en,Linq-Embed-Mistral,4bit-cuda,0.5664,0.5493,0.0088,0.5664,0.5562,0.0063,1.6776
q18,entity,en,Linq-Embed-Mistral,4bit-cuda,0.605,0.541,0.021,0.605,0.541,0.021,1.4029
q19,entity,en,Linq-Embed-Mistral,4bit-cuda,0.5977,0.5068,0.0703,0.48,0.4604,0.0063,1.7607
q20,entity,en,Linq-Embed-Mistral,4bit-cuda,0.4902,0.439,0.0508,0.4902,0.4329,0.0508,2.1147
q21,event,fr,Linq-Embed-Mistral,4bit-cuda,0.6489,0.5996,0.0356,0.6157,0.5947,0.0024,1.7949
q22,event,fr,Linq-Embed-Mistral,4bit-cuda,0.5801,0.5679,0.0059,0.665,0.6323,0.0103,1.5055
q23,event,fr,Linq-Embed-Mistral,4bit-cuda,0.7354,0.6382,0.0776,0.7354,0.6479,0.0776,1.3473
q24,event,fr,Linq-Embed-Mistral,4bit-cuda,0.6206,0.5811,0.0366,0.6206,0.5742,0.0439,1.9063
q25,event,fr,Linq-Embed-Mistral,4bit-cuda,0.7241,0.6465,0.0063,0.7241,0.6641,0.0068,2.0194
q26,event,fr,Linq-Embed-Mistral,4bit-cuda,0.562,0.5127,0.0518,0.5884,0.5723,0.0127,1.9492
q27,event,fr,Linq-Embed-Mistral,4bit-cuda,0.6821,0.623,0.0234,0.6821,0.6377,0.0234,1.6764
q28,event,fr,Linq-Embed-Mistral,4bit-cuda,0.6245,0.5522,0.0811,0.6294,0.5898,0.0049,1.9118
q29,event,fr,Linq-Embed-Mistral,4bit-cuda,0.7026,0.6455,0.0615,0.7031,0.6489,0.0337,2.0789
q30,event,fr,Linq-Embed-Mistral,4bit-cuda,0.6519,0.6431,0.0044,0.6519,0.6431,0.0044,1.6457
q31,event,en,Linq-Embed-Mistral,4bit-cuda,0.5991,0.5742,0.0015,0.5918,0.5728,0.0049,1.2566
q32,event,en,Linq-Embed-Mistral,4bit-cuda,0.6582,0.5835,0.0386,0.543,0.4868,0.0352,1.2097
q33,event,en,Linq-Embed-Mistral,4bit-cuda,0.6147,0.5439,0.0596,0.5093,0.4736,0.0293,1.6555
q34,event,en,Linq-Embed-Mistral,4bit-cuda,0.5161,0.4731,0.0386,0.6025,0.5396,0.0249,1.464
q35,event,en,Linq-Embed-Mistral,4bit-cuda,0.6089,0.5718,0.0439,0.5137,0.4978,0.002,1.3984
q36,event,en,Linq-Embed-Mistral,4bit-cuda,0.5449,0.4622,0.0117,0.5078,0.4316,0.0752,1.3055
q37,event,en,Linq-Embed-Mistral,4bit-cuda,0.5493,0.5327,0.0054,0.4878,0.4353,0.0483,1.633
q38,event,en,Linq-Embed-Mistral,4bit-cuda,0.6177,0.5386,0.0469,0.5137,0.4763,0.0161,1.5815
q39,event,en,Linq-Embed-Mistral,4bit-cuda,0.5928,0.5552,0.0127,0.5356,0.4788,0.0537,1.6574
q40,event,en,Linq-Embed-Mistral,4bit-cuda,0.6025,0.5601,0.0327,0.5107,0.4722,0.0283,1.9533
q41,unanswerable,fr,Linq-Embed-Mistral,4bit-cuda,0.5903,0.5791,0.0049,0.5845,0.5708,0.0122,2.0055
q42,unanswerable,fr,Linq-Embed-Mistral,4bit-cuda,0.5693,0.5425,0.0176,0.5693,0.5513,0.0,1.4646
q43,unanswerable,fr,Linq-Embed-Mistral,4bit-cuda,0.5723,0.5449,0.0278,0.5723,0.5449,0.0283,1.5066
q44,unanswerable,fr,Linq-Embed-Mistral,4bit-cuda,0.6309,0.6064,0.0225,0.6309,0.6064,0.0225,2.2088
q45,unanswerable,fr,Linq-Embed-Mistral,4bit-cuda,0.6182,0.5708,0.0146,0.6182,0.5571,0.0146,1.9421
q46,unanswerable,en,Linq-Embed-Mistral,4bit-cuda,0.5034,0.4814,0.0054,0.5034,0.4814,0.0054,1.5761
q47,unanswerable,en,Linq-Embed-Mistral,4bit-cuda,0.5269,0.5,0.0093,0.5269,0.5073,0.0093,1.8901
q48,unanswerable,en,Linq-Embed-Mistral,4bit-cuda,0.4893,0.4478,0.0273,0.4893,0.4629,0.0229,1.4735
q49,unanswerable,en,Linq-Embed-Mistral,4bit-cuda,0.5137,0.4668,0.0415,0.5132,0.4749,0.0376,1.7758
q50,unanswerable,en,Linq-Embed-Mistral,4bit-cuda,0.4229,0.3945,0.0049,0.418,0.396,0.001,1.3939
