qid,category,lang,model,precision,cosine@1_dense,mean@5_dense,drop_1to2_dense,cosine@1_fusion,mean@5_fusion,drop_1to2_fusion,rerank_time_s
q01,entity,fr,multilingual-e5-large,fp32-cuda,0.874,0.8716,0.0005,0.874,0.8457,0.0278,0.0922
q02,entity,fr,multilingual-e5-large,fp32-cuda,0.8999,0.8823,0.0181,0.8994,0.8789,0.0181,0.0979
q03,entity,fr,multilingual-e5-large,fp32-cuda,0.8506,0.8447,0.0015,0.8413,0.8359,0.0054,0.0914
q04,entity,fr,multilingual-e5-large,fp32-cuda,0.9302,0.8887,0.0498,0.8804,0.8516,0.0156,0.0983
q05,entity,fr,multilingual-e5-large,fp32-cuda,0.8779,0.8745,0.0,0.8643,0.8467,0.019,0.0821
q06,entity,fr,multilingual-e5-large,fp32-cuda,0.9087,0.8818,0.0259,0.8667,0.8623,0.0015,0.0806
q07,entity,fr,multilingual-e5-large,fp32-cuda,0.9204,0.8989,0.021,0.9204,0.8989,0.021,0.0788
q08,entity,fr,multilingual-e5-large,fp32-cuda,0.8838,0.877,0.0063,0.8838,0.8755,0.0093,0.0804
q09,entity,fr,multilingual-e5-large,fp32-cuda,0.8604,0.8594,0.0005,0.8604,0.8525,0.0049,0.0802
q10,entity,fr,multilingual-e5-large,fp32-cuda,0.8887,0.8857,0.0015,0.8872,0.8755,0.0054,0.0838
q11,entity,en,multilingual-e5-large,fp32-cuda,0.9092,0.8877,0.0244,0.9092,0.8584,0.0303,0.0791
q12,entity,en,multilingual-e5-large,fp32-cuda,0.8784,0.8701,0.0078,0.8784,0.8438,0.0278,0.0782
q13,entity,en,multilingual-e5-large,fp32-cuda,0.8657,0.8589,0.0005,0.8657,0.8379,0.0063,0.0786
q14,entity,en,multilingual-e5-large,fp32-cuda,0.8823,0.8735,0.0054,0.8633,0.8438,0.0098,0.0781
q15,entity,en,multilingual-e5-large,fp32-cuda,0.8755,0.8677,0.001,0.8545,0.8369,0.0156,0.0773
q16,entity,en,multilingual-e5-large,fp32-cuda,0.8887,0.8711,0.0093,0.8477,0.8271,0.0146,0.0805
q17,entity,en,multilingual-e5-large,fp32-cuda,0.8906,0.8848,0.0049,0.8599,0.8379,0.0186,0.0783
q18,entity,en,multilingual-e5-large,fp32-cuda,0.8901,0.8633,0.022,0.8901,0.853,0.022,0.1001
q19,entity,en,multilingual-e5-large,fp32-cuda,0.8701,0.8657,0.0029,0.8364,0.8242,0.0088,0.0831
q20,entity,en,multilingual-e5-large,fp32-cuda,0.8511,0.8477,0.0024,0.8516,0.8447,0.0029,0.0825
q21,event,fr,multilingual-e5-large,fp32-cuda,0.873,0.8716,0.001,0.873,0.8706,0.001,0.0955
q22,event,fr,multilingual-e5-large,fp32-cuda,0.8794,0.877,0.0,0.8794,0.877,0.0,0.0959
q23,event,fr,multilingual-e5-large,fp32-cuda,0.9116,0.8926,0.0015,0.9116,0.8926,0.0015,0.0796
q24,event,fr,multilingual-e5-large,fp32-cuda,0.8823,0.8682,0.0132,0.8823,0.8657,0.0127,0.0815
q25,event,fr,multilingual-e5-large,fp32-cuda,0.8711,0.8628,0.0024,0.8711,0.8628,0.0024,0.0828
q26,event,fr,multilingual-e5-large,fp32-cuda,0.8813,0.8657,0.0161,0.8813,0.8633,0.0195,0.084
q27,event,fr,multilingual-e5-large,fp32-cuda,0.8779,0.8696,0.0034,0.8779,0.8691,0.0034,0.0803
q28,event,fr,multilingual-e5-large,fp32-cuda,0.8765,0.8672,0.0083,0.8765,0.8672,0.0083,0.0828
q29,event,fr,multilingual-e5-large,fp32-cuda,0.8779,0.8613,0.019,0.8779,0.8613,0.0186,0.0858
q30,event,fr,multilingual-e5-large,fp32-cuda,0.8945,0.8867,0.0054,0.8945,0.8867,0.0054,0.0792
q31,event,en,multilingual-e5-large,fp32-cuda,0.8545,0.8491,0.0005,0.8545,0.8491,0.0,0.0838
q32,event,en,multilingual-e5-large,fp32-cuda,0.9028,0.8716,0.0352,0.8613,0.8516,0.0078,0.0781
q33,event,en,multilingual-e5-large,fp32-cuda,0.8638,0.8569,0.0059,0.834,0.8315,0.0005,0.079
q34,event,en,multilingual-e5-large,fp32-cuda,0.8643,0.8604,0.0005,0.8594,0.854,0.0024,0.0799
q35,event,en,multilingual-e5-large,fp32-cuda,0.9028,0.8794,0.0176,0.8545,0.8457,0.0029,0.0801
q36,event,en,multilingual-e5-large,fp32-cuda,0.8643,0.8545,0.0073,0.8301,0.8232,0.0044,0.08
q37,event,en,multilingual-e5-large,fp32-cuda,0.8911,0.8735,0.0122,0.8789,0.8447,0.0205,0.098
q38,event,en,multilingual-e5-large,fp32-cuda,0.874,0.8564,0.0171,0.8369,0.8296,0.0,0.0862
q39,event,en,multilingual-e5-large,fp32-cuda,0.8804,0.8726,0.0024,0.8804,0.8306,0.0474,0.0798
q40,event,en,multilingual-e5-large,fp32-cuda,0.8652,0.8594,0.0044,0.8472,0.8364,0.0059,0.0888
q41,unanswerable,fr,multilingual-e5-large,fp32-cuda,0.8774,0.8726,0.0005,0.8774,0.8696,0.001,0.0862
q42,unanswerable,fr,multilingual-e5-large,fp32-cuda,0.8501,0.8477,0.001,0.8501,0.8477,0.0005,0.0805
q43,unanswerable,fr,multilingual-e5-large,fp32-cuda,0.8579,0.8511,0.0029,0.8579,0.8511,0.0029,0.0817
q44,unanswerable,fr,multilingual-e5-large,fp32-cuda,0.8652,0.856,0.0078,0.8652,0.856,0.0078,0.0944
q45,unanswerable,fr,multilingual-e5-large,fp32-cuda,0.8545,0.8467,0.0059,0.8545,0.8467,0.0059,0.0793
q46,unanswerable,en,multilingual-e5-large,fp32-cuda,0.8389,0.8374,0.001,0.8364,0.8325,0.002,0.083
q47,unanswerable,en,multilingual-e5-large,fp32-cuda,0.8516,0.8428,0.0088,0.8516,0.8423,0.0083,0.0793
q48,unanswerable,en,multilingual-e5-large,fp32-cuda,0.8271,0.8203,0.0059,0.8271,0.8203,0.0059,0.0801
q49,unanswerable,en,multilingual-e5-large,fp32-cuda,0.8369,0.8247,0.0088,0.8369,0.8242,0.0088,0.0823
q50,unanswerable,en,multilingual-e5-large,fp32-cuda,0.8301,0.8228,0.0068,0.8301,0.8208,0.0093,0.0808
q01,entity,fr,e5-mistral-7b-instruct,4bit-cuda,0.7095,0.6743,0.0171,0.6387,0.5645,0.0381,1.2734
q02,entity,fr,e5-mistral-7b-instruct,4bit-cuda,0.7334,0.6553,0.0332,0.7334,0.6328,0.0928,1.3717
q03,entity,fr,e5-mistral-7b-instruct,4bit-cuda,0.6924,0.4976,0.1646,0.6924,0.5298,0.1646,1.7351
q04,entity,fr,e5-mistral-7b-instruct,4bit-cuda,0.7437,0.6357,0.0923,0.5713,0.5259,0.0444,2.0009
q05,entity,fr,e5-mistral-7b-instruct,4bit-cuda,0.5859,0.5054,0.0776,0.7476,0.667,0.0171,1.3488
q06,entity,fr,e5-mistral-7b-instruct,4bit-cuda,0.6704,0.5815,0.0938,0.6792,0.5952,0.0146,1.4445
q07,entity,fr,e5-mistral-7b-instruct,4bit-cuda,0.687,0.6445,0.0098,0.687,0.6562,0.0098,1.5527
q08,entity,fr,e5-mistral-7b-instruct,4bit-cuda,0.686,0.6514,0.0073,0.6782,0.6299,0.0303,1.6317
q09,entity,fr,e5-mistral-7b-instruct,4bit-cuda,0.668,0.5615,0.1016,0.5327,0.4983,0.0005,1.8502
q10,entity,fr,e5-mistral-7b-instruct,4bit-cuda,0.7319,0.5879,0.1318,0.7061,0.6318,0.0068,1.4535
q11,entity,en,e5-mistral-7b-instruct,4bit-cuda,0.7168,0.6074,0.0112,0.5815,0.3362,0.1763,2.0226
q12,entity,en,e5-mistral-7b-instruct,4bit-cuda,0.6299,0.5269,0.0044,0.4268,0.3391,0.0332,1.4169
q13,entity,en,e5-mistral-7b-instruct,4bit-cuda,0.6729,0.5732,0.0894,0.5566,0.3267,0.1826,1.4544
q14,entity,en,e5-mistral-7b-instruct,4bit-cuda,0.665,0.5767,0.0068,0.5,0.2974,0.1465,1.4983
q15,entity,en,e5-mistral-7b-instruct,4bit-cuda,0.6572,0.5278,0.124,0.5181,0.2566,0.145,1.4545
q16,entity,en,e5-mistral-7b-instruct,4bit-cuda,0.7363,0.6079,0.019,0.3926,0.3181,0.0381,1.4277
q17,entity,en,e5-mistral-7b-instruct,4bit-cuda,0.7231,0.583,0.1035,0.4053,0.2742,0.0713,1.5937
q18,entity,en,e5-mistral-7b-instruct,4bit-cuda,0.7153,0.5576,0.1304,0.585,0.4268,0.0068,1.3255
q19,entity,en,e5-mistral-7b-instruct,4bit-cuda,0.6973,0.585,0.0376,0.4668,0.2443,0.124,1.1655
q20,entity,en,e5-mistral-7b-instruct,4bit-cuda,0.6987,0.5376,0.1182,0.5698,0.4897,0.021,1.1437
q21,event,fr,e5-mistral-7b-instruct,4bit-cuda,0.6494,0.5439,0.105,0.5757,0.5361,0.0029,1.292
q22,event,fr,e5-mistral-7b-instruct,4bit-cuda,0.6763,0.604,0.0776,0.7202,0.6338,0.0439,1.2726
q23,event,fr,e5-mistral-7b-instruct,4bit-cuda,0.7549,0.6357,0.1265,0.7549,0.6597,0.0332,1.2173
q24,event,fr,e5-mistral-7b-instruct,4bit-cuda,0.5933,0.5249,0.0498,0.6484,0.5278,0.1455,1.3989
q25,event,fr,e5-mistral-7b-instruct,4bit-cuda,0.71,0.6616,0.0161,0.71,0.6616,0.0161,1.2774
q26,event,fr,e5-mistral-7b-instruct,4bit-cuda,0.6792,0.6318,0.0068,0.6792,0.6357,0.0068,1.3685
q27,event,fr,e5-mistral-7b-instruct,4bit-cuda,0.7114,0.604,0.0376,0.7109,0.5615,0.0371,1.6636
q28,event,fr,e5-mistral-7b-instruct,4bit-cuda,0.7266,0.6304,0.0146,0.7266,0.6304,0.0146,1.6146
q29,event,fr,e5-mistral-7b-instruct,4bit-cuda,0.6943,0.5737,0.123,0.5713,0.5347,0.0176,1.9323
q30,event,fr,e5-mistral-7b-instruct,4bit-cuda,0.7207,0.625,0.0864,0.7207,0.6118,0.1196,1.2325
q31,event,en,e5-mistral-7b-instruct,4bit-cuda,0.7119,0.5786,0.042,0.7119,0.5669,0.0557,1.3888
q32,event,en,e5-mistral-7b-instruct,4bit-cuda,0.7056,0.5894,0.1074,0.4146,0.2189,0.2173,1.2875
q33,event,en,e5-mistral-7b-instruct,4bit-cuda,0.7573,0.5518,0.1709,0.4966,0.2715,0.0679,1.2873
q34,event,en,e5-mistral-7b-instruct,4bit-cuda,0.5015,0.3906,0.0425,0.4053,0.2859,0.0742,1.0784
q35,event,en,e5-mistral-7b-instruct,4bit-cuda,0.7065,0.6343,0.001,0.4912,0.2561,0.0498,1.2553
q36,event,en,e5-mistral-7b-instruct,4bit-cuda,0.7349,0.5889,0.0186,0.4844,0.3308,0.0068,1.3782
q37,event,en,e5-mistral-7b-instruct,4bit-cuda,0.7173,0.6299,0.0093,0.5605,0.2712,0.2368,1.9095
q38,event,en,e5-mistral-7b-instruct,4bit-cuda,0.8169,0.6846,0.0884,0.4609,0.2418,0.0918,1.5399
q39,event,en,e5-mistral-7b-instruct,4bit-cuda,0.7754,0.5942,0.0332,0.4409,0.1903,0.2983,1.6177
q40,event,en,e5-mistral-7b-instruct,4bit-cuda,0.6055,0.5542,0.0059,0.4014,0.2549,0.1245,1.8361
q41,unanswerable,fr,e5-mistral-7b-instruct,4bit-cuda,0.7671,0.7168,0.0591,0.7676,0.6875,0.0942,1.818
q42,unanswerable,fr,e5-mistral-7b-instruct,4bit-cuda,0.5601,0.4937,0.0029,0.6191,0.5415,0.0186,1.4733
q43,unanswerable,fr,e5-mistral-7b-instruct,4bit-cuda,0.5029,0.4355,0.063,0.5029,0.4443,0.0488,1.3677
q44,unanswerable,fr,e5-mistral-7b-instruct,4bit-cuda,0.7363,0.5947,0.0474,0.7363,0.625,0.0474,2.1436
q45,unanswerable,fr,e5-mistral-7b-instruct,4bit-cuda,0.7334,0.5835,0.0967,0.7329,0.6104,0.0449,1.0975
q46,unanswerable,en,e5-mistral-7b-instruct,4bit-cuda,0.6963,0.5039,0.1753,0.4414,0.4207,0.0151,1.4167
q47,unanswerable,en,e5-mistral-7b-instruct,4bit-cuda,0.5425,0.459,0.0913,0.6528,0.5127,0.1104,1.4182
q48,unanswerable,en,e5-mistral-7b-instruct,4bit-cuda,0.7065,0.4939,0.1543,0.5522,0.4509,0.0996,1.3562
q49,unanswerable,en,e5-mistral-7b-instruct,4bit-cuda,0.7007,0.5752,0.0605,0.7007,0.5415,0.0605,1.6112
q50,unanswerable,en,e5-mistral-7b-instruct,4bit-cuda,0.6846,0.5361,0.1572,0.6846,0.5479,0.0981,1.419
q01,entity,fr,SFR-Embedding-Mistral,4bit-cuda,0.7983,0.7212,0.0723,0.7983,0.7041,0.0913,1.2312
q02,entity,fr,SFR-Embedding-Mistral,4bit-cuda,0.7812,0.7212,0.0542,0.7812,0.7056,0.0542,1.3295
q03,entity,fr,SFR-Embedding-Mistral,4bit-cuda,0.6924,0.645,0.0312,0.6357,0.6016,0.0288,1.7019
q04,entity,fr,SFR-Embedding-Mistral,4bit-cuda,0.769,0.7358,0.001,0.7637,0.6929,0.0127,1.9501
q05,entity,fr,SFR-Embedding-Mistral,4bit-cuda,0.7163,0.6948,0.0024,0.6567,0.6421,0.0005,1.3113
q06,entity,fr,SFR-Embedding-Mistral,4bit-cuda,0.793,0.6978,0.0986,0.6597,0.6274,0.0171,1.4772
q07,entity,fr,SFR-Embedding-Mistral,4bit-cuda,0.8462,0.7568,0.1001,0.8462,0.751,0.1089,1.5087
q08,entity,fr,SFR-Embedding-Mistral,4bit-cuda,0.7349,0.7129,0.0107,0.7349,0.7075,0.0112,1.5816
q09,entity,fr,SFR-Embedding-Mistral,4bit-cuda,0.6963,0.6592,0.0342,0.646,0.6323,0.0054,1.7621
q10,entity,fr,SFR-Embedding-Mistral,4bit-cuda,0.6694,0.6606,0.0044,0.6646,0.6382,0.0103,1.4199
q11,entity,en,SFR-Embedding-Mistral,4bit-cuda,0.8188,0.7744,0.0464,0.8188,0.6982,0.0459,2.1186
q12,entity,en,SFR-Embedding-Mistral,4bit-cuda,0.7432,0.71,0.0195,0.7432,0.6802,0.0391,1.3912
q13,entity,en,SFR-Embedding-Mistral,4bit-cuda,0.7285,0.6924,0.0098,0.7285,0.6343,0.0835,1.4303
q14,entity,en,SFR-Embedding-Mistral,4bit-cuda,0.7324,0.6997,0.0215,0.6724,0.6519,0.0107,1.5059
q15,entity,en,SFR-Embedding-Mistral,4bit-cuda,0.6748,0.6597,0.0078,0.6753,0.6289,0.0415,1.4915
q16,entity,en,SFR-Embedding-Mistral,4bit-cuda,0.7275,0.665,0.0483,0.6094,0.5796,0.0186,1.5082
q17,entity,en,SFR-Embedding-Mistral,4bit-cuda,0.7554,0.728,0.0112,0.6455,0.6069,0.0063,1.7609
q18,entity,en,SFR-Embedding-Mistral,4bit-cuda,0.7573,0.7061,0.0269,0.7573,0.6919,0.0264,1.3784
q19,entity,en,SFR-Embedding-Mistral,4bit-cuda,0.6953,0.6802,0.0029,0.6099,0.5894,0.0068,1.2268
q20,entity,en,SFR-Embedding-Mistral,4bit-cuda,0.6094,0.5928,0.0161,0.5928,0.5781,0.0151,1.1851
q21,event,fr,SFR-Embedding-Mistral,4bit-cuda,0.7158,0.6904,0.0225,0.6934,0.6816,0.0112,1.3292
q22,event,fr,SFR-Embedding-Mistral,4bit-cuda,0.731,0.7212,0.0078,0.731,0.7212,0.0078,1.301
q23,event,fr,SFR-Embedding-Mistral,4bit-cuda,0.7974,0.7422,0.0278,0.7974,0.7393,0.0278,1.3615
q24,event,fr,SFR-Embedding-Mistral,4bit-cuda,0.7168,0.6895,0.0107,0.7168,0.6982,0.0107,1.4647
q25,event,fr,SFR-Embedding-Mistral,4bit-cuda,0.79,0.7344,0.0264,0.79,0.7505,0.0264,1.3105
q26,event,fr,SFR-Embedding-Mistral,4bit-cuda,0.7007,0.6865,0.0098,0.7007,0.6865,0.0098,1.3955
q27,event,fr,SFR-Embedding-Mistral,4bit-cuda,0.7388,0.7041,0.0308,0.7261,0.7017,0.0186,1.7122
q28,event,fr,SFR-Embedding-Mistral,4bit-cuda,0.7295,0.7075,0.0049,0.7295,0.7002,0.0264,1.6691
q29,event,fr,SFR-Embedding-Mistral,4bit-cuda,0.7847,0.7202,0.0796,0.7847,0.7271,0.0474,2.0241
q30,event,fr,SFR-Embedding-Mistral,4bit-cuda,0.7617,0.7349,0.0273,0.7617,0.7349,0.0273,1.2594
q31,event,en,SFR-Embedding-Mistral,4bit-cuda,0.7637,0.7349,0.0229,0.7637,0.7393,0.0234,1.4185
q32,event,en,SFR-Embedding-Mistral,4bit-cuda,0.7729,0.7241,0.019,0.7251,0.6958,0.0225,1.3208
q33,event,en,SFR-Embedding-Mistral,4bit-cuda,0.7129,0.6748,0.0088,0.6748,0.6431,0.0278,1.3358
q34,event,en,SFR-Embedding-Mistral,4bit-cuda,0.7109,0.6973,0.0083,0.7109,0.6914,0.0088,1.0851
q35,event,en,SFR-Embedding-Mistral,4bit-cuda,0.769,0.7266,0.0283,0.6826,0.6636,0.0078,1.2848
q36,event,en,SFR-Embedding-Mistral,4bit-cuda,0.6841,0.6621,0.0068,0.6641,0.6147,0.0513,1.4014
q37,event,en,SFR-Embedding-Mistral,4bit-cuda,0.7144,0.707,0.002,0.6938,0.6616,0.0063,1.9342
q38,event,en,SFR-Embedding-Mistral,4bit-cuda,0.7407,0.6836,0.0469,0.6729,0.6416,0.0234,1.5537
q39,event,en,SFR-Embedding-Mistral,4bit-cuda,0.7515,0.7202,0.0112,0.7515,0.6782,0.0435,1.6637
q40,event,en,SFR-Embedding-Mistral,4bit-cuda,0.7324,0.6943,0.0259,0.6807,0.6411,0.0283,1.843
q41,unanswerable,fr,SFR-Embedding-Mistral,4bit-cuda,0.7036,0.6924,0.0059,0.7031,0.6821,0.0054,1.8353
q42,unanswerable,fr,SFR-Embedding-Mistral,4bit-cuda,0.646,0.6343,0.0117,0.6621,0.6411,0.0093,1.4836
q43,unanswerable,fr,SFR-Embedding-Mistral,4bit-cuda,0.6997,0.6724,0.0156,0.7061,0.6885,0.0063,1.3688
q44,unanswerable,fr,SFR-Embedding-Mistral,4bit-cuda,0.7163,0.6958,0.021,0.7163,0.6904,0.021,2.1437
q45,unanswerable,fr,SFR-Embedding-Mistral,4bit-cuda,0.7002,0.6782,0.0181,0.7002,0.6753,0.0181,1.1181
q46,unanswerable,en,SFR-Embedding-Mistral,4bit-cuda,0.6733,0.6499,0.0142,0.646,0.6377,0.0063,1.401
q47,unanswerable,en,SFR-Embedding-Mistral,4bit-cuda,0.7026,0.6865,0.0161,0.7026,0.6846,0.0176,1.4102
q48,unanswerable,en,SFR-Embedding-Mistral,4bit-cuda,0.6235,0.6187,0.0,0.6235,0.6133,0.0005,1.3578
q49,unanswerable,en,SFR-Embedding-Mistral,4bit-cuda,0.6846,0.6558,0.0176,0.6846,0.6558,0.0176,1.5908
q50,unanswerable,en,SFR-Embedding-Mistral,4bit-cuda,0.6777,0.6509,0.0283,0.6445,0.624,0.0024,1.3952
q01,entity,fr,Linq-Embed-Mistral,4bit-cuda,0.6753,0.6099,0.062,0.6753,0.5752,0.103,1.2012
q02,entity,fr,Linq-Embed-Mistral,4bit-cuda,0.6621,0.6284,0.0088,0.6533,0.6079,0.0308,1.2964
q03,entity,fr,Linq-Embed-Mistral,4bit-cuda,0.6011,0.5562,0.0181,0.5532,0.5264,0.0054,1.6587
q04,entity,fr,Linq-Embed-Mistral,4bit-cuda,0.6704,0.625,0.0098,0.6831,0.6099,0.0127,1.8679
q05,entity,fr,Linq-Embed-Mistral,4bit-cuda,0.6182,0.5894,0.0103,0.5884,0.5664,0.0161,1.2671
q06,entity,fr,Linq-Embed-Mistral,4bit-cuda,0.6562,0.5674,0.0947,0.5688,0.5234,0.0273,1.4198
q07,entity,fr,Linq-Embed-Mistral,4bit-cuda,0.7681,0.6729,0.0923,0.7681,0.6777,0.0923,1.4775
q08,entity,fr,Linq-Embed-Mistral,4bit-cuda,0.6343,0.6167,0.0176,0.6343,0.6187,0.0098,1.5299
q09,entity,fr,Linq-Embed-Mistral,4bit-cuda,0.6426,0.5898,0.0513,0.5664,0.5552,0.0024,1.7086
q10,entity,fr,Linq-Embed-Mistral,4bit-cuda,0.5996,0.564,0.0332,0.5664,0.5508,0.0063,1.3675
q11,entity,en,Linq-Embed-Mistral,4bit-cuda,0.7339,0.6489,0.0869,0.7339,0.5742,0.0869,2.0159
q12,entity,en,Linq-Embed-Mistral,4bit-cuda,0.5781,0.5518,0.0,0.5781,0.5269,0.0269,1.3454
q13,entity,en,Linq-Embed-Mistral,4bit-cuda,0.5718,0.5308,0.0107,0.561,0.4656,0.0723,1.3695
q14,entity,en,Linq-Embed-Mistral,4bit-cuda,0.5898,0.5581,0.0244,0.4897,0.4656,0.0098,1.4631
q15,entity,en,Linq-Embed-Mistral,4bit-cuda,0.5254,0.5142,0.0005,0.5249,0.4883,0.0083,1.4601
q16,entity,en,Linq-Embed-Mistral,4bit-cuda,0.6016,0.5488,0.0215,0.4434,0.386,0.0576,1.4792
q17,entity,en,Linq-Embed-Mistral,4bit-cuda,0.6445,0.5938,0.0386,0.4985,0.4412,0.0181,1.7624
q18,entity,en,Linq-Embed-Mistral,4bit-cuda,0.605,0.5444,0.021,0.6055,0.5269,0.0215,1.3741
q19,entity,en,Linq-Embed-Mistral,4bit-cuda,0.5552,0.5264,0.0225,0.4429,0.4136,0.021,1.2565
q20,entity,en,Linq-Embed-Mistral,4bit-cuda,0.4678,0.4446,0.0073,0.4604,0.417,0.0381,1.2328
q21,event,fr,Linq-Embed-Mistral,4bit-cuda,0.6221,0.6123,0.0024,0.6196,0.606,0.0039,1.3889
q22,event,fr,Linq-Embed-Mistral,4bit-cuda,0.665,0.6514,0.0103,0.665,0.647,0.0103,1.3595
q23,event,fr,Linq-Embed-Mistral,4bit-cuda,0.7417,0.687,0.0063,0.7417,0.6831,0.0063,1.4189
q24,event,fr,Linq-Embed-Mistral,4bit-cuda,0.6748,0.624,0.0571,0.6748,0.6265,0.041,1.4879
q25,event,fr,Linq-Embed-Mistral,4bit-cuda,0.7241,0.6714,0.0063,0.7241,0.6802,0.0063,1.3398
q26,event,fr,Linq-Embed-Mistral,4bit-cuda,0.6074,0.5894,0.0063,0.6074,0.5889,0.0063,1.4401
q27,event,fr,Linq-Embed-Mistral,4bit-cuda,0.6587,0.6323,0.0059,0.6821,0.6372,0.0288,1.7735
q28,event,fr,Linq-Embed-Mistral,4bit-cuda,0.6455,0.6309,0.0112,0.6455,0.6274,0.0161,1.7194
q29,event,fr,Linq-Embed-Mistral,4bit-cuda,0.7031,0.6562,0.0337,0.7031,0.6611,0.0337,2.0222
q30,event,fr,Linq-Embed-Mistral,4bit-cuda,0.689,0.6665,0.0195,0.689,0.6665,0.0195,1.2392
q31,event,en,Linq-Embed-Mistral,4bit-cuda,0.6191,0.5952,0.02,0.6196,0.603,0.0083,1.4573
q32,event,en,Linq-Embed-Mistral,4bit-cuda,0.6582,0.5947,0.0386,0.5503,0.5288,0.0073,1.355
q33,event,en,Linq-Embed-Mistral,4bit-cuda,0.6147,0.5513,0.0591,0.4902,0.4773,0.0098,1.364
q34,event,en,Linq-Embed-Mistral,4bit-cuda,0.6074,0.5698,0.0044,0.6025,0.562,0.0249,1.1091
q35,event,en,Linq-Embed-Mistral,4bit-cuda,0.6147,0.5894,0.0059,0.5269,0.5205,0.0005,1.3024
q36,event,en,Linq-Embed-Mistral,4bit-cuda,0.5449,0.5249,0.0122,0.5078,0.45,0.0635,1.4334
q37,event,en,Linq-Embed-Mistral,4bit-cuda,0.5938,0.5581,0.0337,0.5396,0.4915,0.0337,1.9575
q38,event,en,Linq-Embed-Mistral,4bit-cuda,0.6177,0.5415,0.0469,0.5137,0.4761,0.0161,1.5902
q39,event,en,Linq-Embed-Mistral,4bit-cuda,0.6108,0.564,0.0176,0.6108,0.5156,0.0752,1.6776
q40,event,en,Linq-Embed-Mistral,4bit-cuda,0.6025,0.5742,0.0151,0.5107,0.4741,0.0205,1.8568
q41,unanswerable,fr,Linq-Embed-Mistral,4bit-cuda,0.6211,0.5977,0.0146,0.6099,0.5864,0.0151,1.8337
q42,unanswerable,fr,Linq-Embed-Mistral,4bit-cuda,0.5859,0.562,0.0166,0.5967,0.5601,0.0107,1.4798
q43,unanswerable,fr,Linq-Embed-Mistral,4bit-cuda,0.6245,0.5801,0.0396,0.6245,0.5894,0.0342,1.3814
q44,unanswerable,fr,Linq-Embed-Mistral,4bit-cuda,0.6309,0.6118,0.0181,0.6309,0.6079,0.0181,2.1598
q45,unanswerable,fr,Linq-Embed-Mistral,4bit-cuda,0.6182,0.5962,0.0146,0.6035,0.5732,0.0078,1.1135
q46,unanswerable,en,Linq-Embed-Mistral,4bit-cuda,0.5259,0.4856,0.0278,0.4922,0.4595,0.0137,1.4095
q47,unanswerable,en,Linq-Embed-Mistral,4bit-cuda,0.5352,0.5039,0.019,0.5352,0.5029,0.019,1.3968
q48,unanswerable,en,Linq-Embed-Mistral,4bit-cuda,0.4893,0.4758,0.0054,0.4893,0.4695,0.0054,1.3539
q49,unanswerable,en,Linq-Embed-Mistral,4bit-cuda,0.5132,0.4854,0.02,0.5132,0.4841,0.02,1.5726
q50,unanswerable,en,Linq-Embed-Mistral,4bit-cuda,0.4961,0.4619,0.0005,0.4956,0.4209,0.0591,1.3878
