qid,category,lang,model,precision,cosine@1_hybrid,mean@5_hybrid,drop_1to2_hybrid,cosine@1_hybridexp,mean@5_hybridexp,drop_1to2_hybridexp,rerank_time_s
q01,entity,fr,multilingual-e5-large,fp32-cuda,0.874,0.8721,0.0,0.874,0.8433,0.0278,0.1008
q02,entity,fr,multilingual-e5-large,fp32-cuda,0.8999,0.8823,0.0181,0.8999,0.8813,0.0181,0.0947
q03,entity,fr,multilingual-e5-large,fp32-cuda,0.8506,0.8447,0.0015,0.8418,0.8354,0.0005,0.0983
q04,entity,fr,multilingual-e5-large,fp32-cuda,0.9302,0.8887,0.0498,0.8804,0.8516,0.0156,0.1008
q05,entity,fr,multilingual-e5-large,fp32-cuda,0.8784,0.8745,0.0005,0.8643,0.8403,0.0229,0.0812
q06,entity,fr,multilingual-e5-large,fp32-cuda,0.9087,0.8818,0.0259,0.8667,0.856,0.0029,0.0844
q07,entity,fr,multilingual-e5-large,fp32-cuda,0.9204,0.8965,0.021,0.9204,0.8965,0.021,0.0813
q08,entity,fr,multilingual-e5-large,fp32-cuda,0.8838,0.877,0.0063,0.8838,0.875,0.0083,0.0817
q09,entity,fr,multilingual-e5-large,fp32-cuda,0.8604,0.8594,0.0005,0.8604,0.8535,0.0049,0.0799
q10,entity,fr,multilingual-e5-large,fp32-cuda,0.8887,0.8857,0.0015,0.8872,0.8584,0.0215,0.0792
q11,entity,en,multilingual-e5-large,fp32-cuda,0.9092,0.8877,0.0244,0.9092,0.8848,0.0244,0.0837
q12,entity,en,multilingual-e5-large,fp32-cuda,0.8784,0.8682,0.0078,0.8784,0.8643,0.0083,0.0812
q13,entity,en,multilingual-e5-large,fp32-cuda,0.8657,0.8584,0.0005,0.8652,0.854,0.0054,0.0819
q14,entity,en,multilingual-e5-large,fp32-cuda,0.8823,0.8726,0.0054,0.8823,0.8628,0.0103,0.0812
q15,entity,en,multilingual-e5-large,fp32-cuda,0.8755,0.8672,0.001,0.8745,0.855,0.019,0.0811
q16,entity,en,multilingual-e5-large,fp32-cuda,0.8887,0.8711,0.0093,0.8887,0.8667,0.0098,0.0851
q17,entity,en,multilingual-e5-large,fp32-cuda,0.8906,0.877,0.0078,0.8828,0.8706,0.0034,0.0815
q18,entity,en,multilingual-e5-large,fp32-cuda,0.8901,0.8618,0.022,0.8901,0.8618,0.022,0.0849
q19,entity,en,multilingual-e5-large,fp32-cuda,0.8701,0.8643,0.0024,0.8672,0.8467,0.0146,0.0803
q20,entity,en,multilingual-e5-large,fp32-cuda,0.8511,0.8477,0.0024,0.8511,0.8418,0.0024,0.0842
q21,event,fr,multilingual-e5-large,fp32-cuda,0.8721,0.8696,0.0,0.873,0.8711,0.001,0.0832
q22,event,fr,multilingual-e5-large,fp32-cuda,0.8794,0.877,0.0,0.8794,0.877,0.0,0.0835
q23,event,fr,multilingual-e5-large,fp32-cuda,0.9116,0.8926,0.0015,0.9116,0.8911,0.0015,0.0804
q24,event,fr,multilingual-e5-large,fp32-cuda,0.8823,0.8667,0.0127,0.8823,0.8662,0.0132,0.0867
q25,event,fr,multilingual-e5-large,fp32-cuda,0.8711,0.8628,0.0024,0.8711,0.8628,0.0029,0.0888
q26,event,fr,multilingual-e5-large,fp32-cuda,0.8809,0.8657,0.0156,0.8809,0.8633,0.019,0.0823
q27,event,fr,multilingual-e5-large,fp32-cuda,0.8779,0.8691,0.0034,0.8779,0.8687,0.0034,0.0822
q28,event,fr,multilingual-e5-large,fp32-cuda,0.8765,0.8667,0.0083,0.8765,0.8672,0.0083,0.0832
q29,event,fr,multilingual-e5-large,fp32-cuda,0.8779,0.8604,0.019,0.8779,0.8604,0.019,0.0936
q30,event,fr,multilingual-e5-large,fp32-cuda,0.894,0.8862,0.0049,0.894,0.8784,0.0146,0.082
q31,event,en,multilingual-e5-large,fp32-cuda,0.8545,0.8447,0.0,0.8545,0.8423,0.0068,0.0837
q32,event,en,multilingual-e5-large,fp32-cuda,0.9028,0.8706,0.0356,0.8613,0.8486,0.0083,0.0805
q33,event,en,multilingual-e5-large,fp32-cuda,0.8638,0.8569,0.0059,0.8638,0.8389,0.0298,0.0828
q34,event,en,multilingual-e5-large,fp32-cuda,0.8643,0.856,0.0005,0.8594,0.854,0.0024,0.0812
q35,event,en,multilingual-e5-large,fp32-cuda,0.9028,0.8784,0.0176,0.855,0.8413,0.0034,0.0822
q36,event,en,multilingual-e5-large,fp32-cuda,0.8643,0.8525,0.0068,0.8301,0.8237,0.0044,0.082
q37,event,en,multilingual-e5-large,fp32-cuda,0.8911,0.8696,0.0122,0.8589,0.8354,0.0273,0.0861
q38,event,en,multilingual-e5-large,fp32-cuda,0.874,0.8535,0.0171,0.8369,0.8306,0.0,0.0893
q39,event,en,multilingual-e5-large,fp32-cuda,0.8779,0.8687,0.0063,0.833,0.8188,0.0112,0.089
q40,event,en,multilingual-e5-large,fp32-cuda,0.8652,0.8545,0.0049,0.8472,0.8359,0.0059,0.0945
q41,unanswerable,fr,multilingual-e5-large,fp32-cuda,0.8774,0.8726,0.0005,0.8774,0.8643,0.0122,0.091
q42,unanswerable,fr,multilingual-e5-large,fp32-cuda,0.8501,0.8481,0.0005,0.8501,0.8467,0.0024,0.0845
q43,unanswerable,fr,multilingual-e5-large,fp32-cuda,0.8579,0.8506,0.0029,0.8579,0.8496,0.0029,0.0841
q44,unanswerable,fr,multilingual-e5-large,fp32-cuda,0.8652,0.853,0.0083,0.8652,0.8506,0.0107,0.086
q45,unanswerable,fr,multilingual-e5-large,fp32-cuda,0.8545,0.8467,0.0059,0.8545,0.8467,0.0059,0.0853
q46,unanswerable,en,multilingual-e5-large,fp32-cuda,0.8389,0.8374,0.001,0.8379,0.8335,0.0015,0.0852
q47,unanswerable,en,multilingual-e5-large,fp32-cuda,0.8516,0.8413,0.0088,0.8516,0.8394,0.0098,0.0869
q48,unanswerable,en,multilingual-e5-large,fp32-cuda,0.8271,0.8203,0.0059,0.8271,0.8203,0.0059,0.0827
q49,unanswerable,en,multilingual-e5-large,fp32-cuda,0.8369,0.8213,0.0088,0.8369,0.8213,0.0088,0.0828
q50,unanswerable,en,multilingual-e5-large,fp32-cuda,0.8301,0.8228,0.0068,0.8301,0.8208,0.0093,0.0821
q01,entity,fr,e5-mistral-7b-instruct,4bit-cuda,0.7095,0.6948,0.0161,0.647,0.5991,0.0083,1.3699
q02,entity,fr,e5-mistral-7b-instruct,4bit-cuda,0.7334,0.6553,0.0332,0.6621,0.6313,0.022,1.3771
q03,entity,fr,e5-mistral-7b-instruct,4bit-cuda,0.6924,0.4763,0.2412,0.6924,0.5698,0.0669,2.0642
q04,entity,fr,e5-mistral-7b-instruct,4bit-cuda,0.7437,0.6704,0.0327,0.5713,0.5273,0.0356,2.0637
q05,entity,fr,e5-mistral-7b-instruct,4bit-cuda,0.665,0.6187,0.0142,0.6826,0.582,0.0444,1.4542
q06,entity,fr,e5-mistral-7b-instruct,4bit-cuda,0.6875,0.6367,0.0083,0.6792,0.5879,0.041,1.5236
q07,entity,fr,e5-mistral-7b-instruct,4bit-cuda,0.687,0.6562,0.0098,0.687,0.6567,0.0098,1.7077
q08,entity,fr,e5-mistral-7b-instruct,4bit-cuda,0.7607,0.6753,0.0361,0.7607,0.687,0.0361,1.6594
q09,entity,fr,e5-mistral-7b-instruct,4bit-cuda,0.6978,0.5996,0.0298,0.5693,0.5205,0.0366,1.8704
q10,entity,fr,e5-mistral-7b-instruct,4bit-cuda,0.71,0.6411,0.0405,0.6992,0.6235,0.0,1.8941
q11,entity,en,e5-mistral-7b-instruct,4bit-cuda,0.7231,0.5674,0.1416,0.7227,0.5586,0.1411,1.6816
q12,entity,en,e5-mistral-7b-instruct,4bit-cuda,0.6299,0.5547,0.0044,0.6255,0.479,0.1431,1.4539
q13,entity,en,e5-mistral-7b-instruct,4bit-cuda,0.7393,0.5757,0.1821,0.7397,0.5757,0.1826,1.7062
q14,entity,en,e5-mistral-7b-instruct,4bit-cuda,0.665,0.5142,0.1543,0.5,0.3926,0.0557,1.555
q15,entity,en,e5-mistral-7b-instruct,4bit-cuda,0.6572,0.5391,0.124,0.5181,0.3774,0.0562,1.4451
q16,entity,en,e5-mistral-7b-instruct,4bit-cuda,0.7363,0.6079,0.019,0.8003,0.6475,0.064,1.9143
q17,entity,en,e5-mistral-7b-instruct,4bit-cuda,0.6196,0.5557,0.0117,0.5166,0.4712,0.0303,1.6699
q18,entity,en,e5-mistral-7b-instruct,4bit-cuda,0.585,0.4973,0.0073,0.585,0.4717,0.0073,1.5232
q19,entity,en,e5-mistral-7b-instruct,4bit-cuda,0.6973,0.6289,0.0376,0.6597,0.5186,0.0991,1.4863
q20,entity,en,e5-mistral-7b-instruct,4bit-cuda,0.6982,0.5923,0.0586,0.6348,0.5,0.0513,1.4793
q21,event,fr,e5-mistral-7b-instruct,4bit-cuda,0.626,0.5747,0.0288,0.5757,0.5552,0.0054,1.6447
q22,event,fr,e5-mistral-7b-instruct,4bit-cuda,0.6763,0.6045,0.0767,0.6763,0.6025,0.0767,1.2483
q23,event,fr,e5-mistral-7b-instruct,4bit-cuda,0.7549,0.6675,0.0332,0.7549,0.6763,0.0332,1.2568
q24,event,fr,e5-mistral-7b-instruct,4bit-cuda,0.5933,0.5181,0.064,0.6479,0.5376,0.1074,1.7045
q25,event,fr,e5-mistral-7b-instruct,4bit-cuda,0.6938,0.6406,0.0112,0.6948,0.6558,0.001,1.9173
q26,event,fr,e5-mistral-7b-instruct,4bit-cuda,0.6484,0.6011,0.0103,0.6792,0.6489,0.0068,1.5692
q27,event,fr,e5-mistral-7b-instruct,4bit-cuda,0.7109,0.6108,0.0376,0.7109,0.6401,0.0371,1.7294
q28,event,fr,e5-mistral-7b-instruct,4bit-cuda,0.7266,0.6021,0.0146,0.7266,0.6304,0.0146,1.5727
q29,event,fr,e5-mistral-7b-instruct,4bit-cuda,0.6943,0.5801,0.123,0.6943,0.5801,0.123,1.9285
q30,event,fr,e5-mistral-7b-instruct,4bit-cuda,0.7085,0.5938,0.1074,0.8247,0.6875,0.0894,1.7372
q31,event,en,e5-mistral-7b-instruct,4bit-cuda,0.7422,0.6313,0.0039,0.7417,0.6611,0.0029,1.1976
q32,event,en,e5-mistral-7b-instruct,4bit-cuda,0.5981,0.5249,0.0303,0.415,0.2097,0.25,0.9793
q33,event,en,e5-mistral-7b-instruct,4bit-cuda,0.6772,0.5908,0.0137,0.5044,0.2864,0.0083,1.4217
q34,event,en,e5-mistral-7b-instruct,4bit-cuda,0.5273,0.4868,0.0259,0.4053,0.3105,0.04,1.2169
q35,event,en,e5-mistral-7b-instruct,4bit-cuda,0.7065,0.5786,0.0063,0.4409,0.2461,0.0073,1.5405
q36,event,en,e5-mistral-7b-instruct,4bit-cuda,0.7349,0.5898,0.0186,0.4771,0.2583,0.0903,1.2659
q37,event,en,e5-mistral-7b-instruct,4bit-cuda,0.7173,0.6274,0.0093,0.3232,0.2048,0.0195,1.8024
q38,event,en,e5-mistral-7b-instruct,4bit-cuda,0.8169,0.6528,0.1455,0.3691,0.1793,0.2222,1.948
q39,event,en,e5-mistral-7b-instruct,4bit-cuda,0.7759,0.6182,0.0332,0.5171,0.2056,0.3745,1.6386
q40,event,en,e5-mistral-7b-instruct,4bit-cuda,0.5996,0.5605,0.0181,0.4014,0.2742,0.0615,1.9139
q41,unanswerable,fr,e5-mistral-7b-instruct,4bit-cuda,0.7671,0.7061,0.0591,0.6982,0.6763,0.0166,1.6517
q42,unanswerable,fr,e5-mistral-7b-instruct,4bit-cuda,0.6196,0.5146,0.0625,0.6196,0.5674,0.0005,1.496
q43,unanswerable,fr,e5-mistral-7b-instruct,4bit-cuda,0.6709,0.5322,0.0151,0.6709,0.5234,0.1606,1.3607
q44,unanswerable,fr,e5-mistral-7b-instruct,4bit-cuda,0.7363,0.6079,0.0493,0.7363,0.6245,0.0703,1.7618
q45,unanswerable,fr,e5-mistral-7b-instruct,4bit-cuda,0.7329,0.6143,0.0884,0.7329,0.6143,0.0884,1.9156
q46,unanswerable,en,e5-mistral-7b-instruct,4bit-cuda,0.6963,0.4941,0.1753,0.7271,0.5073,0.1821,1.44
q47,unanswerable,en,e5-mistral-7b-instruct,4bit-cuda,0.5498,0.4707,0.084,0.7339,0.522,0.1841,1.4448
q48,unanswerable,en,e5-mistral-7b-instruct,4bit-cuda,0.6724,0.478,0.2104,0.6748,0.5098,0.1226,1.3957
q49,unanswerable,en,e5-mistral-7b-instruct,4bit-cuda,0.7007,0.5757,0.0605,0.7007,0.5664,0.0605,1.6313
q50,unanswerable,en,e5-mistral-7b-instruct,4bit-cuda,0.6846,0.5439,0.1572,0.6846,0.5479,0.0981,1.4331
q01,entity,fr,SFR-Embedding-Mistral,4bit-cuda,0.7983,0.729,0.0728,0.7983,0.6958,0.123,1.3473
q02,entity,fr,SFR-Embedding-Mistral,4bit-cuda,0.7812,0.7212,0.0542,0.7812,0.7153,0.0542,1.3361
q03,entity,fr,SFR-Embedding-Mistral,4bit-cuda,0.6924,0.6475,0.0312,0.6924,0.6406,0.0566,2.0932
q04,entity,fr,SFR-Embedding-Mistral,4bit-cuda,0.769,0.7422,0.001,0.7637,0.6938,0.0127,2.0013
q05,entity,fr,SFR-Embedding-Mistral,4bit-cuda,0.7271,0.708,0.0107,0.6567,0.6299,0.0117,1.4135
q06,entity,fr,SFR-Embedding-Mistral,4bit-cuda,0.793,0.7012,0.0986,0.6597,0.6318,0.0171,1.5662
q07,entity,fr,SFR-Embedding-Mistral,4bit-cuda,0.8462,0.749,0.1089,0.8462,0.749,0.1089,1.6614
q08,entity,fr,SFR-Embedding-Mistral,4bit-cuda,0.769,0.7236,0.0342,0.769,0.7158,0.0342,1.6219
q09,entity,fr,SFR-Embedding-Mistral,4bit-cuda,0.6963,0.6558,0.0483,0.6406,0.6289,0.0117,1.7743
q10,entity,fr,SFR-Embedding-Mistral,4bit-cuda,0.6694,0.6616,0.0049,0.6543,0.6289,0.0024,1.8353
q11,entity,en,SFR-Embedding-Mistral,4bit-cuda,0.8188,0.7681,0.0464,0.8193,0.7671,0.0469,1.8203
q12,entity,en,SFR-Embedding-Mistral,4bit-cuda,0.7432,0.7158,0.0195,0.7432,0.6987,0.0391,1.4653
q13,entity,en,SFR-Embedding-Mistral,4bit-cuda,0.7285,0.6982,0.0103,0.7285,0.6855,0.0098,1.7164
q14,entity,en,SFR-Embedding-Mistral,4bit-cuda,0.7329,0.6963,0.022,0.7329,0.6846,0.022,1.5873
q15,entity,en,SFR-Embedding-Mistral,4bit-cuda,0.6748,0.6597,0.0078,0.6753,0.6406,0.0405,1.4987
q16,entity,en,SFR-Embedding-Mistral,4bit-cuda,0.7275,0.6777,0.0483,0.7275,0.6807,0.0483,1.9741
q17,entity,en,SFR-Embedding-Mistral,4bit-cuda,0.7554,0.7046,0.0249,0.7305,0.6807,0.0503,1.7463
q18,entity,en,SFR-Embedding-Mistral,4bit-cuda,0.7573,0.7002,0.0264,0.7578,0.7002,0.0269,1.5715
q19,entity,en,SFR-Embedding-Mistral,4bit-cuda,0.71,0.6309,0.0732,0.6099,0.6035,0.0049,1.5475
q20,entity,en,SFR-Embedding-Mistral,4bit-cuda,0.605,0.5884,0.0122,0.5928,0.5806,0.0083,1.5369
q21,event,fr,SFR-Embedding-Mistral,4bit-cuda,0.7158,0.6929,0.021,0.7158,0.6934,0.0225,1.7098
q22,event,fr,SFR-Embedding-Mistral,4bit-cuda,0.731,0.7212,0.0078,0.731,0.7227,0.0078,1.2937
q23,event,fr,SFR-Embedding-Mistral,4bit-cuda,0.7979,0.7383,0.0283,0.7974,0.7358,0.0278,1.2942
q24,event,fr,SFR-Embedding-Mistral,4bit-cuda,0.7173,0.6934,0.0112,0.7168,0.6982,0.0107,1.7486
q25,event,fr,SFR-Embedding-Mistral,4bit-cuda,0.79,0.7319,0.0264,0.79,0.7402,0.0269,1.998
q26,event,fr,SFR-Embedding-Mistral,4bit-cuda,0.6914,0.6743,0.0054,0.7012,0.6865,0.0098,1.617
q27,event,fr,SFR-Embedding-Mistral,4bit-cuda,0.7383,0.7124,0.0117,0.7383,0.7119,0.0122,1.7921
q28,event,fr,SFR-Embedding-Mistral,4bit-cuda,0.7295,0.6978,0.0264,0.7295,0.7002,0.0264,1.6503
q29,event,fr,SFR-Embedding-Mistral,4bit-cuda,0.7847,0.7275,0.0474,0.7847,0.7275,0.0474,2.0481
q30,event,fr,SFR-Embedding-Mistral,4bit-cuda,0.7612,0.7285,0.0269,0.7554,0.7163,0.0342,1.7648
q31,event,en,SFR-Embedding-Mistral,4bit-cuda,0.7642,0.7373,0.0161,0.748,0.7324,0.0137,1.2089
q32,event,en,SFR-Embedding-Mistral,4bit-cuda,0.7729,0.7266,0.019,0.7251,0.6821,0.0229,1.0831
q33,event,en,SFR-Embedding-Mistral,4bit-cuda,0.7129,0.6675,0.0088,0.7041,0.6572,0.0293,1.4522
q34,event,en,SFR-Embedding-Mistral,4bit-cuda,0.7109,0.6782,0.0083,0.7109,0.6914,0.0088,1.2536
q35,event,en,SFR-Embedding-Mistral,4bit-cuda,0.769,0.7192,0.0439,0.6748,0.6528,0.0166,1.5872
q36,event,en,SFR-Embedding-Mistral,4bit-cuda,0.6841,0.6587,0.0068,0.6641,0.625,0.0186,1.3034
q37,event,en,SFR-Embedding-Mistral,4bit-cuda,0.7144,0.6958,0.002,0.6938,0.6484,0.0376,1.8581
q38,event,en,SFR-Embedding-Mistral,4bit-cuda,0.7407,0.6846,0.0469,0.6729,0.6455,0.0234,1.9248
q39,event,en,SFR-Embedding-Mistral,4bit-cuda,0.7407,0.7129,0.0259,0.708,0.6465,0.0381,1.6983
q40,event,en,SFR-Embedding-Mistral,4bit-cuda,0.7324,0.6895,0.0254,0.6807,0.6436,0.0283,1.9398
q41,unanswerable,fr,SFR-Embedding-Mistral,4bit-cuda,0.7036,0.6904,0.0059,0.6807,0.6685,0.0103,1.7309
q42,unanswerable,fr,SFR-Embedding-Mistral,4bit-cuda,0.646,0.6279,0.0132,0.6621,0.6455,0.0093,1.5668
q43,unanswerable,fr,SFR-Embedding-Mistral,4bit-cuda,0.6992,0.6719,0.022,0.6997,0.6787,0.0229,1.381
q44,unanswerable,fr,SFR-Embedding-Mistral,4bit-cuda,0.7163,0.6938,0.021,0.7163,0.688,0.021,1.7775
q45,unanswerable,fr,SFR-Embedding-Mistral,4bit-cuda,0.7002,0.6787,0.0181,0.7002,0.6753,0.0181,1.9479
q46,unanswerable,en,SFR-Embedding-Mistral,4bit-cuda,0.6733,0.6499,0.0142,0.6587,0.6426,0.0176,1.4341
q47,unanswerable,en,SFR-Embedding-Mistral,4bit-cuda,0.7026,0.6865,0.0098,0.6929,0.6807,0.0063,1.4933
q48,unanswerable,en,SFR-Embedding-Mistral,4bit-cuda,0.623,0.6094,0.0015,0.6235,0.6138,0.0005,1.4083
q49,unanswerable,en,SFR-Embedding-Mistral,4bit-cuda,0.6846,0.6558,0.0176,0.6846,0.6558,0.0176,1.6315
q50,unanswerable,en,SFR-Embedding-Mistral,4bit-cuda,0.6494,0.6255,0.0049,0.6445,0.624,0.0024,1.4173
q01,entity,fr,Linq-Embed-Mistral,4bit-cuda,0.6753,0.6289,0.0327,0.6753,0.5654,0.1226,1.319
q02,entity,fr,Linq-Embed-Mistral,4bit-cuda,0.6621,0.6284,0.0088,0.6621,0.6284,0.0088,1.3077
q03,entity,fr,Linq-Embed-Mistral,4bit-cuda,0.6011,0.5718,0.0181,0.6011,0.564,0.0225,2.0169
q04,entity,fr,Linq-Embed-Mistral,4bit-cuda,0.6704,0.6309,0.0098,0.6831,0.6172,0.0122,1.9541
q05,entity,fr,Linq-Embed-Mistral,4bit-cuda,0.6567,0.6187,0.0352,0.5723,0.541,0.0156,1.3809
q06,entity,fr,Linq-Embed-Mistral,4bit-cuda,0.6558,0.5757,0.0869,0.5688,0.5249,0.0273,1.5229
q07,entity,fr,Linq-Embed-Mistral,4bit-cuda,0.7681,0.6753,0.0918,0.7681,0.6753,0.0923,1.6252
q08,entity,fr,Linq-Embed-Mistral,4bit-cuda,0.6831,0.6367,0.0488,0.6826,0.6362,0.0483,1.5786
q09,entity,fr,Linq-Embed-Mistral,4bit-cuda,0.6426,0.5874,0.0513,0.5786,0.5601,0.0122,1.7592
q10,entity,fr,Linq-Embed-Mistral,4bit-cuda,0.5991,0.5718,0.0288,0.5703,0.5469,0.0044,1.7618
q11,entity,en,Linq-Embed-Mistral,4bit-cuda,0.7339,0.6431,0.0869,0.7339,0.6401,0.0869,1.7414
q12,entity,en,Linq-Embed-Mistral,4bit-cuda,0.5781,0.5586,0.0,0.5781,0.542,0.0269,1.4173
q13,entity,en,Linq-Embed-Mistral,4bit-cuda,0.5718,0.5317,0.0107,0.5718,0.5259,0.0112,1.6769
q14,entity,en,Linq-Embed-Mistral,4bit-cuda,0.5898,0.5508,0.0244,0.5898,0.519,0.0244,1.5798
q15,entity,en,Linq-Embed-Mistral,4bit-cuda,0.5254,0.5142,0.0005,0.5249,0.4973,0.0083,1.4928
q16,entity,en,Linq-Embed-Mistral,4bit-cuda,0.6016,0.5688,0.0215,0.6011,0.5718,0.0215,1.9916
q17,entity,en,Linq-Embed-Mistral,4bit-cuda,0.6445,0.5796,0.064,0.5664,0.5557,0.0063,1.7784
q18,entity,en,Linq-Embed-Mistral,4bit-cuda,0.6055,0.541,0.0215,0.605,0.541,0.0215,1.6112
q19,entity,en,Linq-Embed-Mistral,4bit-cuda,0.5977,0.5059,0.0703,0.48,0.4612,0.0063,1.5822
q20,entity,en,Linq-Embed-Mistral,4bit-cuda,0.4604,0.4377,0.021,0.4604,0.4236,0.0249,1.5544
q21,event,fr,Linq-Embed-Mistral,4bit-cuda,0.6489,0.6182,0.0264,0.6226,0.6113,0.0068,1.736
q22,event,fr,Linq-Embed-Mistral,4bit-cuda,0.665,0.6455,0.0103,0.665,0.6489,0.0103,1.3075
q23,event,fr,Linq-Embed-Mistral,4bit-cuda,0.7417,0.6865,0.0063,0.7417,0.6768,0.0063,1.3246
q24,event,fr,Linq-Embed-Mistral,4bit-cuda,0.6743,0.6235,0.0566,0.6748,0.6304,0.041,1.7708
q25,event,fr,Linq-Embed-Mistral,4bit-cuda,0.7241,0.6738,0.0063,0.7241,0.6816,0.0068,2.0008
q26,event,fr,Linq-Embed-Mistral,4bit-cuda,0.6074,0.5781,0.0195,0.6074,0.5889,0.0063,1.6138
q27,event,fr,Linq-Embed-Mistral,4bit-cuda,0.6821,0.6489,0.0234,0.6821,0.6475,0.0239,1.8114
q28,event,fr,Linq-Embed-Mistral,4bit-cuda,0.6455,0.6265,0.021,0.6455,0.6274,0.0161,1.6573
q29,event,fr,Linq-Embed-Mistral,4bit-cuda,0.7031,0.6611,0.0337,0.7031,0.6611,0.0337,2.0417
q30,event,fr,Linq-Embed-Mistral,4bit-cuda,0.6895,0.6621,0.0239,0.6953,0.6572,0.043,1.7883
q31,event,en,Linq-Embed-Mistral,4bit-cuda,0.6191,0.5986,0.02,0.6113,0.5972,0.0122,1.2136
q32,event,en,Linq-Embed-Mistral,4bit-cuda,0.6582,0.5864,0.0386,0.5508,0.5054,0.0078,1.0835
q33,event,en,Linq-Embed-Mistral,4bit-cuda,0.6147,0.5449,0.0596,0.6147,0.5024,0.1343,1.4555
q34,event,en,Linq-Embed-Mistral,4bit-cuda,0.6079,0.5566,0.0049,0.6025,0.564,0.0249,1.2506
q35,event,en,Linq-Embed-Mistral,4bit-cuda,0.6084,0.584,0.0142,0.5278,0.521,0.0015,1.5831
q36,event,en,Linq-Embed-Mistral,4bit-cuda,0.5449,0.5244,0.0122,0.5078,0.4712,0.0244,1.2957
q37,event,en,Linq-Embed-Mistral,4bit-cuda,0.5493,0.5415,0.0049,0.5059,0.4709,0.0181,1.8499
q38,event,en,Linq-Embed-Mistral,4bit-cuda,0.6177,0.5508,0.0469,0.5137,0.4829,0.0161,1.9204
q39,event,en,Linq-Embed-Mistral,4bit-cuda,0.5928,0.5576,0.0127,0.5356,0.4897,0.0425,1.6772
q40,event,en,Linq-Embed-Mistral,4bit-cuda,0.6025,0.5601,0.0327,0.5107,0.4839,0.0205,1.9157
q41,unanswerable,fr,Linq-Embed-Mistral,4bit-cuda,0.6211,0.5972,0.0259,0.5947,0.5767,0.0103,1.7058
q42,unanswerable,fr,Linq-Embed-Mistral,4bit-cuda,0.5859,0.5586,0.0166,0.5967,0.5684,0.0107,1.5554
q43,unanswerable,fr,Linq-Embed-Mistral,4bit-cuda,0.6245,0.563,0.0522,0.6245,0.5713,0.0396,1.3609
q44,unanswerable,fr,Linq-Embed-Mistral,4bit-cuda,0.6309,0.6113,0.0181,0.6309,0.603,0.0225,1.7611
q45,unanswerable,fr,Linq-Embed-Mistral,4bit-cuda,0.6182,0.5947,0.0146,0.6182,0.5894,0.0146,1.9208
q46,unanswerable,en,Linq-Embed-Mistral,4bit-cuda,0.5259,0.4856,0.0278,0.5034,0.4829,0.0054,1.4177
q47,unanswerable,en,Linq-Embed-Mistral,4bit-cuda,0.5264,0.5,0.0103,0.5269,0.5034,0.0093,1.4588
q48,unanswerable,en,Linq-Embed-Mistral,4bit-cuda,0.4893,0.469,0.0054,0.4893,0.4731,0.0054,1.3699
q49,unanswerable,en,Linq-Embed-Mistral,4bit-cuda,0.5132,0.4839,0.02,0.5132,0.4839,0.02,1.5974
q50,unanswerable,en,Linq-Embed-Mistral,4bit-cuda,0.4956,0.4348,0.0405,0.4956,0.4209,0.0591,1.4004
